filename,path,size,extension
0adaefab-c0fa-4d55-9564-100d2bd5bd93_86a60667f1b75930c7844e37494b97f7_UxiL1B07.wav,data/afrispeech_dialog/data/0adaefab-c0fa-4d55-9564-100d2bd5bd93_86a60667f1b75930c7844e37494b97f7_UxiL1B07.wav,11247396,.wav
0f572000-4660-4c37-addc-3443e3448e0c_3da863b6598d1e169a37f2e890afd724_5eQmIwz9.wav,data/afrispeech_dialog/data/0f572000-4660-4c37-addc-3443e3448e0c_3da863b6598d1e169a37f2e890afd724_5eQmIwz9.wav,32925634,.wav
136be64d-ca9e-473e-9c0e-fc4b008de0cd_31972a963fb3c6f870589f5d50a06244_Asoq4gAT.wav,data/afrispeech_dialog/data/136be64d-ca9e-473e-9c0e-fc4b008de0cd_31972a963fb3c6f870589f5d50a06244_Asoq4gAT.wav,76401882,.wav
17745a2c-6705-42df-9949-bbe78aa70307_7a20084d0aa87a5bf3747667a93318bf_OWn8vib9.wav,data/afrispeech_dialog/data/17745a2c-6705-42df-9949-bbe78aa70307_7a20084d0aa87a5bf3747667a93318bf_OWn8vib9.wav,41781620,.wav
185152d7-0c16-45e5-8f1e-862e5766f39a_278ff438c4cfec175028c571db4ed815_36K3TRQt.wav,data/afrispeech_dialog/data/185152d7-0c16-45e5-8f1e-862e5766f39a_278ff438c4cfec175028c571db4ed815_36K3TRQt.wav,78231328,.wav
247554f8-f233-4861-bc1a-8fc327b5d5df_2b500b633e5d5ecce35433cbbb859ddc_8bW4oSXn.wav,data/afrispeech_dialog/data/247554f8-f233-4861-bc1a-8fc327b5d5df_2b500b633e5d5ecce35433cbbb859ddc_8bW4oSXn.wav,13096156,.wav
27f9dfd2-193a-46f1-8d2b-f87fb84b6b6a_73b4238198790a88de6a211da4b506d0_hmDkuelc.wav,data/afrispeech_dialog/data/27f9dfd2-193a-46f1-8d2b-f87fb84b6b6a_73b4238198790a88de6a211da4b506d0_hmDkuelc.wav,27501774,.wav
304d6402-91d8-4a4f-8a65-143a7c7675d8_5702eb9666f8e49b3702c9bd42dc1d7d_CZ2bqtci.wav,data/afrispeech_dialog/data/304d6402-91d8-4a4f-8a65-143a7c7675d8_5702eb9666f8e49b3702c9bd42dc1d7d_CZ2bqtci.wav,18513930,.wav
30a5b6a2-8370-4dac-bc7f-e4ae7c1d8562_a4a6daf501c5da95d8f941189e8b6856_NowwEqPI.wav,data/afrispeech_dialog/data/30a5b6a2-8370-4dac-bc7f-e4ae7c1d8562_a4a6daf501c5da95d8f941189e8b6856_NowwEqPI.wav,105492006,.wav
363c7601-e830-4db8-ae3b-ae88b9fb29e1_6d0493f0d95fb131397ba0861c4e2c97_OSxLyl6o.wav,data/afrispeech_dialog/data/363c7601-e830-4db8-ae3b-ae88b9fb29e1_6d0493f0d95fb131397ba0861c4e2c97_OSxLyl6o.wav,57630100,.wav
392c7093-7347-40b8-ab37-db1dcc90945d_4a687442bebec55ed82550bf1617ff4f_tazfKVuj.wav,data/afrispeech_dialog/data/392c7093-7347-40b8-ab37-db1dcc90945d_4a687442bebec55ed82550bf1617ff4f_tazfKVuj.wav,78887094,.wav
3e27c06c-8ba1-4511-88e6-c75b2d9d8839_51dd4c8f38d77abd8121762ffe94e844_6wkqF1XT.wav,data/afrispeech_dialog/data/3e27c06c-8ba1-4511-88e6-c75b2d9d8839_51dd4c8f38d77abd8121762ffe94e844_6wkqF1XT.wav,35369126,.wav
4696599d-37fb-442b-bdae-27e3325771b5_caecc2042dce919b3fa39143f8a9473a_a9KTbuFt.wav,data/afrispeech_dialog/data/4696599d-37fb-442b-bdae-27e3325771b5_caecc2042dce919b3fa39143f8a9473a_a9KTbuFt.wav,83078622,.wav
46aacf84-fdd1-490b-a857-633d2e7763a0_7d4de4c9d3488a4bbd35634cbd3a2b66_l1RjPEwA.wav,data/afrispeech_dialog/data/46aacf84-fdd1-490b-a857-633d2e7763a0_7d4de4c9d3488a4bbd35634cbd3a2b66_l1RjPEwA.wav,21794968,.wav
49542e8d-b799-4d91-94e8-fd1571e51741_ca68349b5465788820f6f7365b3e86f2_AE1gDlkZ.wav,data/afrispeech_dialog/data/49542e8d-b799-4d91-94e8-fd1571e51741_ca68349b5465788820f6f7365b3e86f2_AE1gDlkZ.wav,35846376,.wav
4d398d1f-5058-4e5b-8070-23f42089f14e_395c92aa3bda9d78852b3ef90f07abad_dIUEHY67.wav,data/afrispeech_dialog/data/4d398d1f-5058-4e5b-8070-23f42089f14e_395c92aa3bda9d78852b3ef90f07abad_dIUEHY67.wav,55515592,.wav
4fc2c19e-de60-4be0-91b5-7870f60f2d99_4f72189a5c5e29dd6caa06214423b231_N96VXtHf.wav,data/afrispeech_dialog/data/4fc2c19e-de60-4be0-91b5-7870f60f2d99_4f72189a5c5e29dd6caa06214423b231_N96VXtHf.wav,60445708,.wav
5b8a8e4c-7463-47c4-858f-5cd8dd278d42_4fd457aa21e139df63ec3e22e3254b43_30xNAOAD.wav,data/afrispeech_dialog/data/5b8a8e4c-7463-47c4-858f-5cd8dd278d42_4fd457aa21e139df63ec3e22e3254b43_30xNAOAD.wav,17517800,.wav
60344b07-b93e-4e14-8b1b-d544d9cd6a16_c6100bbfbf76d7c7900b850092205437_UpyTnj39.wav,data/afrispeech_dialog/data/60344b07-b93e-4e14-8b1b-d544d9cd6a16_c6100bbfbf76d7c7900b850092205437_UpyTnj39.wav,53749300,.wav
63e6abb7-2d8e-4df3-a52e-8e09aea762c6_0d2e6ebf48e7196f5ab076e05d590ad9_5epxs3QR.wav,data/afrispeech_dialog/data/63e6abb7-2d8e-4df3-a52e-8e09aea762c6_0d2e6ebf48e7196f5ab076e05d590ad9_5epxs3QR.wav,26073022,.wav
656c42a7-6faa-4486-979f-6f64769bd221_16c6c38b9eae46a16127fcd32ee408a2_Rwa2DJRz.wav,data/afrispeech_dialog/data/656c42a7-6faa-4486-979f-6f64769bd221_16c6c38b9eae46a16127fcd32ee408a2_Rwa2DJRz.wav,18031476,.wav
68f2adb6-06ab-46a6-9de6-395d89c2e1a3_669d1b747d43397b4e74beb9f79394ac_se7d20Dy.wav,data/afrispeech_dialog/data/68f2adb6-06ab-46a6-9de6-395d89c2e1a3_669d1b747d43397b4e74beb9f79394ac_se7d20Dy.wav,35895944,.wav
7e832fef-ddde-4f8b-8687-eefcf95fe1ce_ba3a1bcd78571ba00f4abb02c9c3c9eb_l2JY7MdZ.wav,data/afrispeech_dialog/data/7e832fef-ddde-4f8b-8687-eefcf95fe1ce_ba3a1bcd78571ba00f4abb02c9c3c9eb_l2JY7MdZ.wav,47805856,.wav
818f0aa2-ce0f-4e82-96ee-d66e192a2fca_ec092eb2969184d8ae181c2f71595724_WRLlsKHd.wav,data/afrispeech_dialog/data/818f0aa2-ce0f-4e82-96ee-d66e192a2fca_ec092eb2969184d8ae181c2f71595724_WRLlsKHd.wav,29478866,.wav
83a0b048-c0e3-4929-9b29-278a873ab7c6_9abd99b9ced9cf3f6979225e910cad85_eK62eiZK.wav,data/afrispeech_dialog/data/83a0b048-c0e3-4929-9b29-278a873ab7c6_9abd99b9ced9cf3f6979225e910cad85_eK62eiZK.wav,79395390,.wav
94009039-0507-492f-8b26-e53d20642089_bdfb3f20b1e579b2e023affebaaeb484_PGBUAHJa.wav,data/afrispeech_dialog/data/94009039-0507-492f-8b26-e53d20642089_bdfb3f20b1e579b2e023affebaaeb484_PGBUAHJa.wav,29243018,.wav
95aed576-a1d6-42f3-9651-7103e0717e5e_ebc66944d9bbae56c478a67c823bd63d_pltGUmWQ.wav,data/afrispeech_dialog/data/95aed576-a1d6-42f3-9651-7103e0717e5e_ebc66944d9bbae56c478a67c823bd63d_pltGUmWQ.wav,17959152,.wav
98cc8263-54e8-4101-8942-7ae18f1e082b_7fb3ed3c8a1328bd2d7ea25dbc5a9fdd_j7rw2vU3.wav,data/afrispeech_dialog/data/98cc8263-54e8-4101-8942-7ae18f1e082b_7fb3ed3c8a1328bd2d7ea25dbc5a9fdd_j7rw2vU3.wav,70677174,.wav
9c267f6c-5a01-4174-bdd3-a53ff045f506_32046be741777d3536fc13f449fa8d95_trLvKomC.wav,data/afrispeech_dialog/data/9c267f6c-5a01-4174-bdd3-a53ff045f506_32046be741777d3536fc13f449fa8d95_trLvKomC.wav,47738384,.wav
9d838ece-8db5-4736-96d8-581071bd5106_ca69415a184fc2daa85f71973c64e16c_DRUaebWM.wav,data/afrispeech_dialog/data/9d838ece-8db5-4736-96d8-581071bd5106_ca69415a184fc2daa85f71973c64e16c_DRUaebWM.wav,17879066,.wav
ad6848ae-2614-4da8-b129-62b0d86e8926_dc46341f61d518cdd2668f6707de9db9_vlaAfCIg.wav,data/afrispeech_dialog/data/ad6848ae-2614-4da8-b129-62b0d86e8926_dc46341f61d518cdd2668f6707de9db9_vlaAfCIg.wav,46065846,.wav
b5079ba2-df1c-448d-89f4-685241747496_fa3e5097cc8ce777e5238b991cacdbc9_3ebDCfdh.wav,data/afrispeech_dialog/data/b5079ba2-df1c-448d-89f4-685241747496_fa3e5097cc8ce777e5238b991cacdbc9_3ebDCfdh.wav,78103348,.wav
b945928d-8fd3-4b41-80ce-6c029486c454_b9d85ee3bf003b868031fb456820e068_4wFMJWvo.wav,data/afrispeech_dialog/data/b945928d-8fd3-4b41-80ce-6c029486c454_b9d85ee3bf003b868031fb456820e068_4wFMJWvo.wav,81606036,.wav
bb52e43b-e30c-4fb7-87d6-97ee79ce25ea_1edd4c4950cd2e29e8f010b7d8fed57f_Pf1DgnAk.wav,data/afrispeech_dialog/data/bb52e43b-e30c-4fb7-87d6-97ee79ce25ea_1edd4c4950cd2e29e8f010b7d8fed57f_Pf1DgnAk.wav,70679908,.wav
c1fd9c2e-cd94-46d4-83c1-7ad12c4720a2_1ec6f4225669263584852245e01f4f4d_KoFwchas.wav,data/afrispeech_dialog/data/c1fd9c2e-cd94-46d4-83c1-7ad12c4720a2_1ec6f4225669263584852245e01f4f4d_KoFwchas.wav,72501062,.wav
c46ac19c-edf5-4bc2-8162-110ff52ef78b_654f83104ac72fe1dfb3396f740cf6e1_qfrd3ivN.wav,data/afrispeech_dialog/data/c46ac19c-edf5-4bc2-8162-110ff52ef78b_654f83104ac72fe1dfb3396f740cf6e1_qfrd3ivN.wav,35632844,.wav
c5d612f8-d493-4611-a5da-168ecbd3db35_9067b13f32307995eeed4cc745572958_FNYbXpvX.wav,data/afrispeech_dialog/data/c5d612f8-d493-4611-a5da-168ecbd3db35_9067b13f32307995eeed4cc745572958_FNYbXpvX.wav,82564946,.wav
ca43d51b-8431-443a-bcd7-2742819032c8_237d850e20dd0a294b491c583d3d1f05_MMnD234W.wav,data/afrispeech_dialog/data/ca43d51b-8431-443a-bcd7-2742819032c8_237d850e20dd0a294b491c583d3d1f05_MMnD234W.wav,37830610,.wav
cd255fe0-ebc2-47a0-a990-2ab1ba9ca23d_37a1666580e2ceda260675470dec56a8_AAdExeNL.wav,data/afrispeech_dialog/data/cd255fe0-ebc2-47a0-a990-2ab1ba9ca23d_37a1666580e2ceda260675470dec56a8_AAdExeNL.wav,17911524,.wav
ce541c27-b35d-4b11-ba04-24d3abcb85d3_ba5c9f590471dbd2012db5d1261acaa3_araQ0aj2.wav,data/afrispeech_dialog/data/ce541c27-b35d-4b11-ba04-24d3abcb85d3_ba5c9f590471dbd2012db5d1261acaa3_araQ0aj2.wav,32094614,.wav
d2f0bed6-f3e1-48a8-9fb2-ceb137670bc4_760104034ed8d94ca25303635e8b789c_tPRtMScX.wav,data/afrispeech_dialog/data/d2f0bed6-f3e1-48a8-9fb2-ceb137670bc4_760104034ed8d94ca25303635e8b789c_tPRtMScX.wav,30944662,.wav
df50b219-f5aa-4d56-9f33-6865c96fda2b_0c80966970ec5877368cab246f1ee2b7_EOKmZ6h8.wav,data/afrispeech_dialog/data/df50b219-f5aa-4d56-9f33-6865c96fda2b_0c80966970ec5877368cab246f1ee2b7_EOKmZ6h8.wav,43321502,.wav
e0b202dc-17fe-4936-a3c7-d89c639d9cda_2c5c6ef6476d5b77eb63b28dc14410e4_h3Ijm82h.wav,data/afrispeech_dialog/data/e0b202dc-17fe-4936-a3c7-d89c639d9cda_2c5c6ef6476d5b77eb63b28dc14410e4_h3Ijm82h.wav,31013722,.wav
ebcde1b4-bd3b-49b7-b777-e7d87a7cb7f3_4b6a37dd905f6140bd02f1eb95cc648a_hQjVbPNQ.wav,data/afrispeech_dialog/data/ebcde1b4-bd3b-49b7-b777-e7d87a7cb7f3_4b6a37dd905f6140bd02f1eb95cc648a_hQjVbPNQ.wav,54899956,.wav
eceb9468-7001-4ee0-9475-13486e5352ae_881eeb00f6ea30a682aace713243f569_JoYJ9Vrf.wav,data/afrispeech_dialog/data/eceb9468-7001-4ee0-9475-13486e5352ae_881eeb00f6ea30a682aace713243f569_JoYJ9Vrf.wav,19874238,.wav
f01e751c-11e3-498b-a6ee-5d9bf11ac8cd_95fe9edeaff641cffc80057f4226076b_gllYn1FP.wav,data/afrispeech_dialog/data/f01e751c-11e3-498b-a6ee-5d9bf11ac8cd_95fe9edeaff641cffc80057f4226076b_gllYn1FP.wav,44480538,.wav
f1345c7a-87ca-4c7c-a22f-04dd30bdea30_0a02dbe92f1c3195ecd965235c6db967_jqgfuxTi.wav,data/afrispeech_dialog/data/f1345c7a-87ca-4c7c-a22f-04dd30bdea30_0a02dbe92f1c3195ecd965235c6db967_jqgfuxTi.wav,46606070,.wav
f533e2de-bac6-4866-8803-b33407813e92_c5dc37b2c0a006e90bcfbc99c7bb5393_QG8tr0md.wav,data/afrispeech_dialog/data/f533e2de-bac6-4866-8803-b33407813e92_c5dc37b2c0a006e90bcfbc99c7bb5393_QG8tr0md.wav,33814954,.wav
fd258274-0797-4cdd-b6ea-426ae9723bf7_abda0e74456d2c317778573a2aa229b2_DkOy8QIr.wav,data/afrispeech_dialog/data/fd258274-0797-4cdd-b6ea-426ae9723bf7_abda0e74456d2c317778573a2aa229b2_DkOy8QIr.wav,38705292,.wav
metadata.csv,data/afrispeech_dialog/metadata.csv,376879,
